[{"model": "admin.logentry", "pk": 1, "fields": {"action_time": "2024-12-10T09:55:22.663Z", "user": 1, "content_type": 7, "object_id": "1", "object_repr": "Food", "action_flag": 1, "change_message": "[{\"added\": {}}]"}}, {"model": "admin.logentry", "pk": 2, "fields": {"action_time": "2024-12-10T09:55:46.453Z", "user": 1, "content_type": 10, "object_id": "1", "object_repr": "Chips", "action_flag": 1, "change_message": "[{\"added\": {}}]"}}, {"model": "admin.logentry", "pk": 3, "fields": {"action_time": "2024-12-10T09:56:07.354Z", "user": 1, "content_type": 13, "object_id": "1", "object_repr": "Cart of gairat", "action_flag": 1, "change_message": "[{\"added\": {}}]"}}, {"model": "admin.logentry", "pk": 4, "fields": {"action_time": "2024-12-10T09:56:31.541Z", "user": 1, "content_type": 14, "object_id": "1", "object_repr": "Item Chips in Cart 1", "action_flag": 1, "change_message": "[{\"added\": {}}]"}}, {"model": "admin.logentry", "pk": 5, "fields": {"action_time": "2024-12-10T09:57:27.128Z", "user": 1, "content_type": 8, "object_id": "1", "object_repr": "Order 1 - gairat", "action_flag": 1, "change_message": "[{\"added\": {}}]"}}, {"model": "admin.logentry", "pk": 6, "fields": {"action_time": "2024-12-10T09:57:42.054Z", "user": 1, "content_type": 8, "object_id": "1", "object_repr": "Order 1 - gairat", "action_flag": 2, "change_message": "[]"}}, {"model": "admin.logentry", "pk": 7, "fields": {"action_time": "2024-12-10T09:58:05.416Z", "user": 1, "content_type": 11, "object_id": "1", "object_repr": "Item Chips in Order 1", "action_flag": 1, "change_message": "[{\"added\": {}}]"}}, {"model": "admin.logentry", "pk": 8, "fields": {"action_time": "2024-12-10T09:58:16.872Z", "user": 1, "content_type": 8, "object_id": "1", "object_repr": "Order 1 - gairat", "action_flag": 2, "change_message": "[]"}}, {"model": "admin.logentry", "pk": 9, "fields": {"action_time": "2024-12-10T09:58:27.432Z", "user": 1, "content_type": 9, "object_id": "1", "object_repr": "Payment for Order 1", "action_flag": 1, "change_message": "[{\"added\": {}}]"}}, {"model": "admin.logentry", "pk": 10, "fields": {"action_time": "2024-12-10T09:58:40.058Z", "user": 1, "content_type": 12, "object_id": "1", "object_repr": "Review of Chips by gairat", "action_flag": 1, "change_message": "[{\"added\": {}}]"}}, {"model": "admin.logentry", "pk": 11, "fields": {"action_time": "2024-12-10T09:58:50.423Z", "user": 1, "content_type": 15, "object_id": "1", "object_repr": "Wishlist of gairat", "action_flag": 1, "change_message": "[{\"added\": {}}]"}}, {"model": "admin.logentry", "pk": 12, "fields": {"action_time": "2024-12-10T09:58:57.159Z", "user": 1, "content_type": 16, "object_id": "1", "object_repr": "Item Chips in Wishlist 1", "action_flag": 1, "change_message": "[{\"added\": {}}]"}}, {"model": "admin.logentry", "pk": 13, "fields": {"action_time": "2024-12-10T09:59:01.479Z", "user": 1, "content_type": 16, "object_id": "1", "object_repr": "Item Chips in Wishlist 1", "action_flag": 2, "change_message": "[]"}}, {"model": "admin.logentry", "pk": 14, "fields": {"action_time": "2024-12-12T13:47:31.584Z", "user": 1, "content_type": 10, "object_id": "2", "object_repr": "Pizza", "action_flag": 1, "change_message": "[{\"added\": {}}]"}}, {"model": "admin.logentry", "pk": 15, "fields": {"action_time": "2024-12-12T13:47:45.616Z", "user": 1, "content_type": 10, "object_id": "3", "object_repr": "Cola", "action_flag": 1, "change_message": "[{\"added\": {}}]"}}, {"model": "admin.logentry", "pk": 16, "fields": {"action_time": "2024-12-12T13:47:50.956Z", "user": 1, "content_type": 10, "object_id": "1", "object_repr": "Chips", "action_flag": 2, "change_message": "[{\"changed\": {\"fields\": [\"Stock quantity\"]}}]"}}, {"model": "admin.logentry", "pk": 17, "fields": {"action_time": "2024-12-12T13:47:54.789Z", "user": 1, "content_type": 10, "object_id": "2", "object_repr": "Pizza", "action_flag": 2, "change_message": "[{\"changed\": {\"fields\": [\"Stock quantity\"]}}]"}}, {"model": "admin.logentry", "pk": 18, "fields": {"action_time": "2024-12-12T13:47:58.655Z", "user": 1, "content_type": 10, "object_id": "3", "object_repr": "Cola", "action_flag": 2, "change_message": "[{\"changed\": {\"fields\": [\"Stock quantity\"]}}]"}}, {"model": "admin.logentry", "pk": 19, "fields": {"action_time": "2024-12-12T13:48:08.066Z", "user": 1, "content_type": 7, "object_id": "2", "object_repr": "Furniture", "action_flag": 1, "change_message": "[{\"added\": {}}]"}}, {"model": "admin.logentry", "pk": 20, "fields": {"action_time": "2024-12-12T13:48:16.966Z", "user": 1, "content_type": 7, "object_id": "2", "object_repr": "Furniture", "action_flag": 2, "change_message": "[]"}}, {"model": "admin.logentry", "pk": 21, "fields": {"action_time": "2024-12-12T13:48:26.831Z", "user": 1, "content_type": 7, "object_id": "3", "object_repr": "Drinks", "action_flag": 1, "change_message": "[{\"added\": {}}]"}}, {"model": "admin.logentry", "pk": 22, "fields": {"action_time": "2024-12-12T13:48:31.874Z", "user": 1, "content_type": 7, "object_id": "1", "object_repr": "Food", "action_flag": 2, "change_message": "[]"}}, {"model": "admin.logentry", "pk": 23, "fields": {"action_time": "2024-12-12T13:48:36.369Z", "user": 1, "content_type": 7, "object_id": "3", "object_repr": "Drinks", "action_flag": 2, "change_message": "[{\"changed\": {\"fields\": [\"Parent\"]}}]"}}, {"model": "admin.logentry", "pk": 24, "fields": {"action_time": "2024-12-12T13:49:15.278Z", "user": 1, "content_type": 7, "object_id": "4", "object_repr": "Medicine", "action_flag": 1, "change_message": "[{\"added\": {}}]"}}, {"model": "admin.logentry", "pk": 25, "fields": {"action_time": "2024-12-12T13:49:23.713Z", "user": 1, "content_type": 10, "object_id": "3", "object_repr": "Cola", "action_flag": 2, "change_message": "[{\"changed\": {\"fields\": [\"Category\"]}}]"}}, {"model": "admin.logentry", "pk": 26, "fields": {"action_time": "2024-12-12T13:49:42.235Z", "user": 1, "content_type": 10, "object_id": "4", "object_repr": "Fanta", "action_flag": 1, "change_message": "[{\"added\": {}}]"}}, {"model": "admin.logentry", "pk": 27, "fields": {"action_time": "2024-12-12T13:51:00.266Z", "user": 1, "content_type": 10, "object_id": "5", "object_repr": "Sofa", "action_flag": 1, "change_message": "[{\"added\": {}}]"}}, {"model": "admin.logentry", "pk": 28, "fields": {"action_time": "2024-12-12T13:51:19.446Z", "user": 1, "content_type": 10, "object_id": "6", "object_repr": "Bed", "action_flag": 1, "change_message": "[{\"added\": {}}]"}}, {"model": "admin.logentry", "pk": 29, "fields": {"action_time": "2024-12-12T13:51:37.151Z", "user": 1, "content_type": 10, "object_id": "7", "object_repr": "Paratecomol", "action_flag": 1, "change_message": "[{\"added\": {}}]"}}, {"model": "admin.logentry", "pk": 30, "fields": {"action_time": "2024-12-12T13:52:20.415Z", "user": 1, "content_type": 10, "object_id": "8", "object_repr": "Antigripin", "action_flag": 1, "change_message": "[{\"added\": {}}]"}}, {"model": "admin.logentry", "pk": 31, "fields": {"action_time": "2024-12-13T07:42:56.500Z", "user": 1, "content_type": 10, "object_id": "9", "object_repr": "fsfdfg", "action_flag": 1, "change_message": "[{\"added\": {}}]"}}, {"model": "admin.logentry", "pk": 32, "fields": {"action_time": "2024-12-13T07:43:11.828Z", "user": 1, "content_type": 10, "object_id": "10", "object_repr": "esf", "action_flag": 1, "change_message": "[{\"added\": {}}]"}}, {"model": "admin.logentry", "pk": 33, "fields": {"action_time": "2024-12-13T07:43:19.162Z", "user": 1, "content_type": 10, "object_id": "11", "object_repr": "rgdtf", "action_flag": 1, "change_message": "[{\"added\": {}}]"}}, {"model": "admin.logentry", "pk": 34, "fields": {"action_time": "2024-12-13T07:43:27.428Z", "user": 1, "content_type": 10, "object_id": "12", "object_repr": "rtrhy", "action_flag": 1, "change_message": "[{\"added\": {}}]"}}, {"model": "admin.logentry", "pk": 35, "fields": {"action_time": "2024-12-13T07:43:35.162Z", "user": 1, "content_type": 10, "object_id": "13", "object_repr": "rthf", "action_flag": 1, "change_message": "[{\"added\": {}}]"}}, {"model": "admin.logentry", "pk": 36, "fields": {"action_time": "2024-12-13T07:43:45.722Z", "user": 1, "content_type": 10, "object_id": "14", "object_repr": "esfsfefd", "action_flag": 1, "change_message": "[{\"added\": {}}]"}}, {"model": "admin.logentry", "pk": 37, "fields": {"action_time": "2024-12-13T07:43:54.394Z", "user": 1, "content_type": 10, "object_id": "15", "object_repr": "ertegd", "action_flag": 1, "change_message": "[{\"added\": {}}]"}}, {"model": "auth.permission", "pk": 1, "fields": {"name": "Can add log entry", "content_type": 1, "codename": "add_logentry"}}, {"model": "auth.permission", "pk": 2, "fields": {"name": "Can change log entry", "content_type": 1, "codename": "change_logentry"}}, {"model": "auth.permission", "pk": 3, "fields": {"name": "Can delete log entry", "content_type": 1, "codename": "delete_logentry"}}, {"model": "auth.permission", "pk": 4, "fields": {"name": "Can view log entry", "content_type": 1, "codename": "view_logentry"}}, {"model": "auth.permission", "pk": 5, "fields": {"name": "Can add permission", "content_type": 2, "codename": "add_permission"}}, {"model": "auth.permission", "pk": 6, "fields": {"name": "Can change permission", "content_type": 2, "codename": "change_permission"}}, {"model": "auth.permission", "pk": 7, "fields": {"name": "Can delete permission", "content_type": 2, "codename": "delete_permission"}}, {"model": "auth.permission", "pk": 8, "fields": {"name": "Can view permission", "content_type": 2, "codename": "view_permission"}}, {"model": "auth.permission", "pk": 9, "fields": {"name": "Can add group", "content_type": 3, "codename": "add_group"}}, {"model": "auth.permission", "pk": 10, "fields": {"name": "Can change group", "content_type": 3, "codename": "change_group"}}, {"model": "auth.permission", "pk": 11, "fields": {"name": "Can delete group", "content_type": 3, "codename": "delete_group"}}, {"model": "auth.permission", "pk": 12, "fields": {"name": "Can view group", "content_type": 3, "codename": "view_group"}}, {"model": "auth.permission", "pk": 13, "fields": {"name": "Can add user", "content_type": 4, "codename": "add_user"}}, {"model": "auth.permission", "pk": 14, "fields": {"name": "Can change user", "content_type": 4, "codename": "change_user"}}, {"model": "auth.permission", "pk": 15, "fields": {"name": "Can delete user", "content_type": 4, "codename": "delete_user"}}, {"model": "auth.permission", "pk": 16, "fields": {"name": "Can view user", "content_type": 4, "codename": "view_user"}}, {"model": "auth.permission", "pk": 17, "fields": {"name": "Can add content type", "content_type": 5, "codename": "add_contenttype"}}, {"model": "auth.permission", "pk": 18, "fields": {"name": "Can change content type", "content_type": 5, "codename": "change_contenttype"}}, {"model": "auth.permission", "pk": 19, "fields": {"name": "Can delete content type", "content_type": 5, "codename": "delete_contenttype"}}, {"model": "auth.permission", "pk": 20, "fields": {"name": "Can view content type", "content_type": 5, "codename": "view_contenttype"}}, {"model": "auth.permission", "pk": 21, "fields": {"name": "Can add session", "content_type": 6, "codename": "add_session"}}, {"model": "auth.permission", "pk": 22, "fields": {"name": "Can change session", "content_type": 6, "codename": "change_session"}}, {"model": "auth.permission", "pk": 23, "fields": {"name": "Can delete session", "content_type": 6, "codename": "delete_session"}}, {"model": "auth.permission", "pk": 24, "fields": {"name": "Can view session", "content_type": 6, "codename": "view_session"}}, {"model": "auth.permission", "pk": 25, "fields": {"name": "Can add category", "content_type": 7, "codename": "add_category"}}, {"model": "auth.permission", "pk": 26, "fields": {"name": "Can change category", "content_type": 7, "codename": "change_category"}}, {"model": "auth.permission", "pk": 27, "fields": {"name": "Can delete category", "content_type": 7, "codename": "delete_category"}}, {"model": "auth.permission", "pk": 28, "fields": {"name": "Can view category", "content_type": 7, "codename": "view_category"}}, {"model": "auth.permission", "pk": 29, "fields": {"name": "Can add order", "content_type": 8, "codename": "add_order"}}, {"model": "auth.permission", "pk": 30, "fields": {"name": "Can change order", "content_type": 8, "codename": "change_order"}}, {"model": "auth.permission", "pk": 31, "fields": {"name": "Can delete order", "content_type": 8, "codename": "delete_order"}}, {"model": "auth.permission", "pk": 32, "fields": {"name": "Can view order", "content_type": 8, "codename": "view_order"}}, {"model": "auth.permission", "pk": 33, "fields": {"name": "Can add payment", "content_type": 9, "codename": "add_payment"}}, {"model": "auth.permission", "pk": 34, "fields": {"name": "Can change payment", "content_type": 9, "codename": "change_payment"}}, {"model": "auth.permission", "pk": 35, "fields": {"name": "Can delete payment", "content_type": 9, "codename": "delete_payment"}}, {"model": "auth.permission", "pk": 36, "fields": {"name": "Can view payment", "content_type": 9, "codename": "view_payment"}}, {"model": "auth.permission", "pk": 37, "fields": {"name": "Can add product", "content_type": 10, "codename": "add_product"}}, {"model": "auth.permission", "pk": 38, "fields": {"name": "Can change product", "content_type": 10, "codename": "change_product"}}, {"model": "auth.permission", "pk": 39, "fields": {"name": "Can delete product", "content_type": 10, "codename": "delete_product"}}, {"model": "auth.permission", "pk": 40, "fields": {"name": "Can view product", "content_type": 10, "codename": "view_product"}}, {"model": "auth.permission", "pk": 41, "fields": {"name": "Can add order item", "content_type": 11, "codename": "add_orderitem"}}, {"model": "auth.permission", "pk": 42, "fields": {"name": "Can change order item", "content_type": 11, "codename": "change_orderitem"}}, {"model": "auth.permission", "pk": 43, "fields": {"name": "Can delete order item", "content_type": 11, "codename": "delete_orderitem"}}, {"model": "auth.permission", "pk": 44, "fields": {"name": "Can view order item", "content_type": 11, "codename": "view_orderitem"}}, {"model": "auth.permission", "pk": 45, "fields": {"name": "Can add review", "content_type": 12, "codename": "add_review"}}, {"model": "auth.permission", "pk": 46, "fields": {"name": "Can change review", "content_type": 12, "codename": "change_review"}}, {"model": "auth.permission", "pk": 47, "fields": {"name": "Can delete review", "content_type": 12, "codename": "delete_review"}}, {"model": "auth.permission", "pk": 48, "fields": {"name": "Can view review", "content_type": 12, "codename": "view_review"}}, {"model": "auth.permission", "pk": 49, "fields": {"name": "Can add shopping cart", "content_type": 13, "codename": "add_shoppingcart"}}, {"model": "auth.permission", "pk": 50, "fields": {"name": "Can change shopping cart", "content_type": 13, "codename": "change_shoppingcart"}}, {"model": "auth.permission", "pk": 51, "fields": {"name": "Can delete shopping cart", "content_type": 13, "codename": "delete_shoppingcart"}}, {"model": "auth.permission", "pk": 52, "fields": {"name": "Can view shopping cart", "content_type": 13, "codename": "view_shoppingcart"}}, {"model": "auth.permission", "pk": 53, "fields": {"name": "Can add cart item", "content_type": 14, "codename": "add_cartitem"}}, {"model": "auth.permission", "pk": 54, "fields": {"name": "Can change cart item", "content_type": 14, "codename": "change_cartitem"}}, {"model": "auth.permission", "pk": 55, "fields": {"name": "Can delete cart item", "content_type": 14, "codename": "delete_cartitem"}}, {"model": "auth.permission", "pk": 56, "fields": {"name": "Can view cart item", "content_type": 14, "codename": "view_cartitem"}}, {"model": "auth.permission", "pk": 57, "fields": {"name": "Can add wishlist", "content_type": 15, "codename": "add_wishlist"}}, {"model": "auth.permission", "pk": 58, "fields": {"name": "Can change wishlist", "content_type": 15, "codename": "change_wishlist"}}, {"model": "auth.permission", "pk": 59, "fields": {"name": "Can delete wishlist", "content_type": 15, "codename": "delete_wishlist"}}, {"model": "auth.permission", "pk": 60, "fields": {"name": "Can view wishlist", "content_type": 15, "codename": "view_wishlist"}}, {"model": "auth.permission", "pk": 61, "fields": {"name": "Can add wishlist item", "content_type": 16, "codename": "add_wishlistitem"}}, {"model": "auth.permission", "pk": 62, "fields": {"name": "Can change wishlist item", "content_type": 16, "codename": "change_wishlistitem"}}, {"model": "auth.permission", "pk": 63, "fields": {"name": "Can delete wishlist item", "content_type": 16, "codename": "delete_wishlistitem"}}, {"model": "auth.permission", "pk": 64, "fields": {"name": "Can view wishlist item", "content_type": 16, "codename": "view_wishlistitem"}}, {"model": "auth.user", "pk": 1, "fields": {"password": "pbkdf2_sha256$870000$OHnaCeI6BDTZNMIz23Wwlp$aXcD0qCD0VI68a5yhbbKjUmjcO1OfaN4rvr4U/1i6Nk=", "last_login": "2024-12-12T13:47:07.718Z", "is_superuser": true, "username": "gairat", "first_name": "", "last_name": "", "email": "", "is_staff": true, "is_active": true, "date_joined": "2024-12-10T09:45:23.489Z", "groups": [], "user_permissions": []}}, {"model": "auth.user", "pk": 2, "fields": {"password": "pbkdf2_sha256$870000$9SnzwMLhx1PTlFHRNbdHHc$ra1PfkGZ9AQFfum6Q9reBVYPB8QRbQdYSFc4HBJNxWI=", "last_login": null, "is_superuser": false, "username": "New", "first_name": "", "last_name": "", "email": "New@gmail.com", "is_staff": false, "is_active": true, "date_joined": "2024-12-10T12:00:40.861Z", "groups": [], "user_permissions": []}}, {"model": "auth.user", "pk": 3, "fields": {"password": "pbkdf2_sha256$870000$mfPqu9t0sM0m5rvobXtOeo$ftrgjRLf06pwC915kA9t5NpvKetybfy0fyc+SmzF3Tc=", "last_login": null, "is_superuser": false, "username": "new2", "first_name": "", "last_name": "", "email": "new2@gmail.com", "is_staff": false, "is_active": true, "date_joined": "2024-12-12T14:01:11.312Z", "groups": [], "user_permissions": []}}, {"model": "auth.user", "pk": 4, "fields": {"password": "pbkdf2_sha256$870000$aKY7oqksJrF907pdpQmEUu$Tp0YPKrQhzITW2PywNw2DYbiKpKXM95IJ3H9GPxvsR4=", "last_login": null, "is_superuser": false, "username": "new3", "first_name": "", "last_name": "", "email": "new3@gmail.com", "is_staff": false, "is_active": true, "date_joined": "2024-12-12T18:42:51.451Z", "groups": [], "user_permissions": []}}, {"model": "contenttypes.contenttype", "pk": 1, "fields": {"app_label": "admin", "model": "logentry"}}, {"model": "contenttypes.contenttype", "pk": 2, "fields": {"app_label": "auth", "model": "permission"}}, {"model": "contenttypes.contenttype", "pk": 3, "fields": {"app_label": "auth", "model": "group"}}, {"model": "contenttypes.contenttype", "pk": 4, "fields": {"app_label": "auth", "model": "user"}}, {"model": "contenttypes.contenttype", "pk": 5, "fields": {"app_label": "contenttypes", "model": "contenttype"}}, {"model": "contenttypes.contenttype", "pk": 6, "fields": {"app_label": "sessions", "model": "session"}}, {"model": "contenttypes.contenttype", "pk": 7, "fields": {"app_label": "store", "model": "category"}}, {"model": "contenttypes.contenttype", "pk": 8, "fields": {"app_label": "store", "model": "order"}}, {"model": "contenttypes.contenttype", "pk": 9, "fields": {"app_label": "store", "model": "payment"}}, {"model": "contenttypes.contenttype", "pk": 10, "fields": {"app_label": "store", "model": "product"}}, {"model": "contenttypes.contenttype", "pk": 11, "fields": {"app_label": "store", "model": "orderitem"}}, {"model": "contenttypes.contenttype", "pk": 12, "fields": {"app_label": "store", "model": "review"}}, {"model": "contenttypes.contenttype", "pk": 13, "fields": {"app_label": "store", "model": "shoppingcart"}}, {"model": "contenttypes.contenttype", "pk": 14, "fields": {"app_label": "store", "model": "cartitem"}}, {"model": "contenttypes.contenttype", "pk": 15, "fields": {"app_label": "store", "model": "wishlist"}}, {"model": "contenttypes.contenttype", "pk": 16, "fields": {"app_label": "store", "model": "wishlistitem"}}, {"model": "sessions.session", "pk": "34ak5bqbb1ixz0999l354icf5wwkglu7", "fields": {"session_data": ".eJxVjDkOwjAQAP-yNbJ8JD5S0vMGa9de4wCKpTipEH9HkVJAOzOaN0Tctxr3zmucM0yg4PLLCNOTl0PkBy73JlJbtnUmcSTitF3cWubX9Wz_BhV7hQn8oHSQSSdvyOmBvGWlmJVjUi5JLF5KJ2UIhWzWNNpkaGA0ASmPhTN8vs1ROCQ:1tLjX1:c4qPm0RX7U6iTR9_HDxNvAlAcjovirYPwAwpe-dt5cY", "expire_date": "2024-12-26T13:47:07.722Z"}}, {"model": "sessions.session", "pk": "fy3453nrlga56zkql5preju5xq0asemc", "fields": {"session_data": ".eJxVjDkOwjAQAP-yNbJ8JD5S0vMGa9de4wCKpTipEH9HkVJAOzOaN0Tctxr3zmucM0yg4PLLCNOTl0PkBy73JlJbtnUmcSTitF3cWubX9Wz_BhV7hQn8oHSQSSdvyOmBvGWlmJVjUi5JLF5KJ2UIhWzWNNpkaGA0ASmPhTN8vs1ROCQ:1tKwot:lXekvLl0nWpblqBQLkeV5-nLcYwcSK52NOAPz-RalJw", "expire_date": "2024-12-24T09:46:19.262Z"}}, {"model": "store.category", "pk": 1, "fields": {"name": "Food", "parent": null, "created_at": "2024-12-10T09:55:22.662Z", "updated_at": "2024-12-12T13:48:31.874Z"}}, {"model": "store.category", "pk": 2, "fields": {"name": "Furniture", "parent": null, "created_at": "2024-12-12T13:48:08.066Z", "updated_at": "2024-12-12T13:48:16.965Z"}}, {"model": "store.category", "pk": 3, "fields": {"name": "Drinks", "parent": 1, "created_at": "2024-12-12T13:48:26.830Z", "updated_at": "2024-12-12T13:48:36.368Z"}}, {"model": "store.category", "pk": 4, "fields": {"name": "Medicine", "parent": null, "created_at": "2024-12-12T13:49:15.277Z", "updated_at": "2024-12-12T13:49:15.277Z"}}, {"model": "store.product", "pk": 1, "fields": {"name": "Chips", "description": "ef", "price": "21.00", "stock_quantity": 339, "category": 1, "created_at": "2024-12-10T09:55:46.451Z", "updated_at": "2024-12-12T18:57:46.095Z"}}, {"model": "store.product", "pk": 2, "fields": {"name": "Pizza", "description": "sddfs", "price": "33.00", "stock_quantity": 432, "category": 1, "created_at": "2024-12-12T13:47:31.584Z", "updated_at": "2024-12-12T15:14:46.764Z"}}, {"model": "store.product", "pk": 3, "fields": {"name": "Cola", "description": "as", "price": "2.00", "stock_quantity": 434, "category": 3, "created_at": "2024-12-12T13:47:45.615Z", "updated_at": "2024-12-12T13:49:23.712Z"}}, {"model": "store.product", "pk": 4, "fields": {"name": "Fanta", "description": "a", "price": "2.00", "stock_quantity": 234, "category": 3, "created_at": "2024-12-12T13:49:42.234Z", "updated_at": "2024-12-12T13:49:42.234Z"}}, {"model": "store.product", "pk": 5, "fields": {"name": "Sofa", "description": "sef", "price": "500.00", "stock_quantity": 234, "category": 2, "created_at": "2024-12-12T13:51:00.266Z", "updated_at": "2024-12-12T13:51:00.266Z"}}, {"model": "store.product", "pk": 6, "fields": {"name": "Bed", "description": "s", "price": "400.00", "stock_quantity": 343, "category": 2, "created_at": "2024-12-12T13:51:19.445Z", "updated_at": "2024-12-12T13:51:19.445Z"}}, {"model": "store.product", "pk": 7, "fields": {"name": "Paratecomol", "description": "f", "price": "20.00", "stock_quantity": 34, "category": 4, "created_at": "2024-12-12T13:51:37.150Z", "updated_at": "2024-12-12T13:51:37.150Z"}}, {"model": "store.product", "pk": 8, "fields": {"name": "Antigripin", "description": "wd", "price": "10.00", "stock_quantity": 234, "category": 4, "created_at": "2024-12-12T13:52:20.415Z", "updated_at": "2024-12-12T13:52:20.415Z"}}, {"model": "store.product", "pk": 9, "fields": {"name": "fsfdfg", "description": "frdhf", "price": "3.00", "stock_quantity": 545, "category": 2, "created_at": "2024-12-13T07:42:56.500Z", "updated_at": "2024-12-13T07:42:56.500Z"}}, {"model": "store.product", "pk": 10, "fields": {"name": "esf", "description": "sefes", "price": "43.00", "stock_quantity": 354, "category": 2, "created_at": "2024-12-13T07:43:11.827Z", "updated_at": "2024-12-13T07:43:11.827Z"}}, {"model": "store.product", "pk": 11, "fields": {"name": "rgdtf", "description": "srgdthf", "price": "443.00", "stock_quantity": 35, "category": 2, "created_at": "2024-12-13T07:43:19.161Z", "updated_at": "2024-12-13T07:43:19.161Z"}}, {"model": "store.product", "pk": 12, "fields": {"name": "rtrhy", "description": "rgdtfng", "price": "45.00", "stock_quantity": 3455, "category": 2, "created_at": "2024-12-13T07:43:27.427Z", "updated_at": "2024-12-13T07:43:27.427Z"}}, {"model": "store.product", "pk": 13, "fields": {"name": "rthf", "description": "fnhr", "price": "35.00", "stock_quantity": 456, "category": 2, "created_at": "2024-12-13T07:43:35.162Z", "updated_at": "2024-12-13T07:43:35.162Z"}}, {"model": "store.product", "pk": 14, "fields": {"name": "esfsfefd", "description": "fdgdfgrd", "price": "43434.00", "stock_quantity": 4433, "category": 2, "created_at": "2024-12-13T07:43:45.721Z", "updated_at": "2024-12-13T07:43:45.721Z"}}, {"model": "store.product", "pk": 15, "fields": {"name": "ertegd", "description": "fdgggf", "price": "333.00", "stock_quantity": 455, "category": 2, "created_at": "2024-12-13T07:43:54.394Z", "updated_at": "2024-12-13T07:43:54.394Z"}}, {"model": "store.order", "pk": 1, "fields": {"user": 1, "order_status": "shipped", "total_amount": "2.00", "created_at": "2024-12-10T09:57:27.126Z", "updated_at": "2024-12-10T09:58:16.871Z"}}, {"model": "store.order", "pk": 2, "fields": {"user": 2, "order_status": "Paid", "total_amount": "75.00", "created_at": "2024-12-12T14:34:32.144Z", "updated_at": "2024-12-12T15:14:46.756Z"}}, {"model": "store.order", "pk": 3, "fields": {"user": 2, "order_status": "Paid", "total_amount": "42.00", "created_at": "2024-12-12T14:58:43.114Z", "updated_at": "2024-12-12T18:57:46.090Z"}}, {"model": "store.order", "pk": 4, "fields": {"user": 2, "order_status": "Pending", "total_amount": "75.00", "created_at": "2024-12-12T18:48:02.819Z", "updated_at": "2024-12-12T18:48:02.819Z"}}, {"model": "store.order", "pk": 5, "fields": {"user": 2, "order_status": "pending", "total_amount": "141.00", "created_at": "2024-12-12T18:51:43.671Z", "updated_at": "2024-12-12T18:51:43.671Z"}}, {"model": "store.orderitem", "pk": 1, "fields": {"order": 1, "product": 1, "quantity": 2, "price": "4.00", "created_at": "2024-12-10T09:58:05.415Z", "updated_at": "2024-12-10T09:58:05.415Z"}}, {"model": "store.orderitem", "pk": 2, "fields": {"order": 2, "product": 1, "quantity": 2, "price": "21.00", "created_at": "2024-12-12T14:34:32.149Z", "updated_at": "2024-12-12T14:34:32.149Z"}}, {"model": "store.orderitem", "pk": 3, "fields": {"order": 2, "product": 2, "quantity": 1, "price": "33.00", "created_at": "2024-12-12T14:34:32.154Z", "updated_at": "2024-12-12T14:34:32.154Z"}}, {"model": "store.orderitem", "pk": 4, "fields": {"order": 3, "product": 1, "quantity": 2, "price": "21.00", "created_at": "2024-12-12T14:58:43.115Z", "updated_at": "2024-12-12T14:58:43.115Z"}}, {"model": "store.orderitem", "pk": 5, "fields": {"order": 4, "product": 1, "quantity": 2, "price": "21.00", "created_at": "2024-12-12T18:48:02.828Z", "updated_at": "2024-12-12T18:48:02.828Z"}}, {"model": "store.orderitem", "pk": 6, "fields": {"order": 4, "product": 2, "quantity": 1, "price": "33.00", "created_at": "2024-12-12T18:48:02.832Z", "updated_at": "2024-12-12T18:48:02.832Z"}}, {"model": "store.orderitem", "pk": 7, "fields": {"order": 5, "product": 1, "quantity": 2, "price": "21.00", "created_at": "2024-12-12T18:51:43.672Z", "updated_at": "2024-12-12T18:51:43.672Z"}}, {"model": "store.orderitem", "pk": 8, "fields": {"order": 5, "product": 2, "quantity": 3, "price": "33.00", "created_at": "2024-12-12T18:51:43.672Z", "updated_at": "2024-12-12T18:51:43.672Z"}}, {"model": "store.shoppingcart", "pk": 1, "fields": {"user": 1, "created_at": "2024-12-10T09:56:07.353Z", "updated_at": "2024-12-10T09:56:07.353Z"}}, {"model": "store.shoppingcart", "pk": 2, "fields": {"user": 2, "created_at": "2024-12-12T14:41:31.271Z", "updated_at": "2024-12-12T14:41:31.271Z"}}, {"model": "store.cartitem", "pk": 1, "fields": {"cart": 1, "product": 1, "quantity": 2, "created_at": "2024-12-10T09:56:31.540Z", "updated_at": "2024-12-10T09:56:31.540Z"}}, {"model": "store.payment", "pk": 1, "fields": {"order": 1, "payment_method": "credit_card", "amount": "22.00", "status": "pending", "created_at": "2024-12-10T09:58:27.431Z", "updated_at": "2024-12-10T09:58:27.431Z"}}, {"model": "store.payment", "pk": 2, "fields": {"order": 2, "payment_method": "Credit Card", "amount": "75.00", "status": "Completed", "created_at": "2024-12-12T15:14:46.746Z", "updated_at": "2024-12-12T15:14:46.746Z"}}, {"model": "store.payment", "pk": 3, "fields": {"order": 3, "payment_method": "Credit Card", "amount": "42.00", "status": "Completed", "created_at": "2024-12-12T18:57:46.081Z", "updated_at": "2024-12-12T18:57:46.081Z"}}, {"model": "store.review", "pk": 1, "fields": {"product": 1, "user": 1, "rating": 3, "comment": "awda", "created_at": "2024-12-10T09:58:40.057Z", "updated_at": "2024-12-10T09:58:40.057Z"}}, {"model": "store.review", "pk": 2, "fields": {"product": 1, "user": 2, "rating": 5, "comment": "Great product, highly recommend!", "created_at": "2024-12-12T15:21:21.388Z", "updated_at": "2024-12-12T15:21:21.388Z"}}, {"model": "store.review", "pk": 3, "fields": {"product": 1, "user": 2, "rating": 2, "comment": "Bad product, awfull", "created_at": "2024-12-12T18:54:52.010Z", "updated_at": "2024-12-12T18:54:52.010Z"}}, {"model": "store.wishlist", "pk": 1, "fields": {"user": 1, "created_at": "2024-12-10T09:58:50.422Z", "updated_at": "2024-12-10T09:58:50.422Z"}}, {"model": "store.wishlist", "pk": 2, "fields": {"user": 2, "created_at": "2024-12-12T15:01:05.576Z", "updated_at": "2024-12-12T15:01:05.576Z"}}, {"model": "store.wishlistitem", "pk": 1, "fields": {"wishlist": 1, "product": 1, "created_at": "2024-12-10T09:58:57.158Z"}}, {"model": "store.wishlistitem", "pk": 2, "fields": {"wishlist": 2, "product": 1, "created_at": "2024-12-12T15:01:05.586Z"}}, {"model": "store.wishlistitem", "pk": 3, "fields": {"wishlist": 2, "product": 3, "created_at": "2024-12-12T18:53:10.378Z"}}]